"V1","V2","V3","V4","V5","V6","V7","V8","V9","V10","V11","V12","V13","V14","V15","V16"
"rt","charlotteahec","ethics","revamped","revived","energized","nov","charlotteahec","socialwork","ethics","mentalhealth","psychologist","healt","","",""
"ethics","revamped","revived","energized","2.0","nov","3","charlotteahec","socialwork","ethics","mentalhealth","psychologist","https","t.co","gbfln2dxdw",""
"rt","ncwwi","report","childmindinst","impact","covid19","pandemic","childrensmentalhealth","know","far","provides","informati","","","",""
"check","guide","suicide","serious","mental","illness","designed","suicideprevention","coordinators","https","t.co","ujwwyits9y","","","",""
"report","childmindinst","impact","covid19","pandemic","childrensmentalhealth","know","far","provi","https","t.co","av5nnuojt6","","","",""
"rt","carolinealdrid5","looking","christmas","present","student","practitioner","socialwork","mentalhealth","hediedwaiting","perfec","","","","",""
"rt","uh_hsk","uh_hsk","cripacc1","f","t","funded","phd","studentship","uniofherts","applicants","ethnically","diverse","communities","phd","health"
"publi","","","","","","","","","","","","","","",""
"covid","19","pandemic","affected","child's","mentalhealth","discover","tips","supporting","children's","mental","well","https","t.co","f4sz6x89vy",""
"uh_hsk","cripacc1","f","t","funded","phd","studentship","uniofherts","applicants","ethnically","diverse","communities","phd","https","t.co","5yldbr5eqp"
"rt","routledgepsych","focusing","socialwork","mentalhealth","opioidcrisis","journal","social","work","mental","health’s","new","special","","",""
"top","5","favorite","kicks","itsjbthree","y’all","think","list","better","yet","what’s","top","5","link","https","t.co"
"7ctqk6klho","","","","","","","","","","","","","","",""
"children","autism","twice","likely","report","suicidal","thoughts","according","new","research","https","t.co","uv1gskiwit","","",""
"rt","carolinealdrid5","looking","christmas","present","student","practitioner","socialwork","mentalhealth","hediedwaiting","perfec","","","","",""
"need","free","ce","credits","register","11","2","exciting","opportunity","able","please","consider","donating","https","t.co","co6mt31sjf"
"uta","awarded","1m","matching","gift","arlington","https","t.co","fcxxhlbwbl","community","director","education","https","t.co","5dwhdsffmw",""
"rt","oupacademic","covid","19","pandemic","affected","child's","mentalhealth","discover","tips","supporting","children's","mental","wellbeing","",""
"covid","19","pandemic","affected","child's","mentalhealth","discover","tips","supporting","children's","mental","well","https","t.co","vfh1tsmsh3",""
"rt","carolinealdrid5","looking","christmas","present","student","practitioner","socialwork","mentalhealth","hediedwaiting","perfec","","","","",""
"looking","christmas","present","student","practitioner","socialwork","mentalhealth","hediedwaiting","per","https","t.co","pxma2w9cjt","","","",""
"rt","retro_gt","itsjbthree","discussing","stereotypes","helping","profession","black","men","showing","authentic","self","sweat","equity","",""
"itsjbthree","discussing","stereotypes","helping","profession","black","men","showing","authentic","self","sw","https","t.co","r2cbsvrdts","",""
"rt","cwruteamimpact","mandelschool","drdanaprince","researches","barriers","facilitators","successful","training","suicideprevention","","","","","",""
"rt","thinkaheadmh","2","events","interested","career","mentalhealth","socialwork","wed","27","oct","diversity","need","","",""
"depressed","anxious","bipolar","ocd","adhd","ptsd","antisocial","psychotic","yes","even","psychopath","medical","te","https","t.co","kdgiwjyajj"
"rt","routledgepsych","focusing","socialwork","mentalhealth","opioidcrisis","journal","social","work","menta","https","t.co","bqsaxcsjdk","","",""
"focusing","socialwork","mentalhealth","opioidcrisis","journal","social","work","mental","health’s","new","spe","https","t.co","heqtafjhm3","",""
"mandelschool","drdanaprince","researches","barriers","facilitators","successful","training","suicideprevention","https","t.co","1w3sxiiixb","","","","",""
"2","events","interested","career","mentalhealth","socialwork","wed","27","oct","diversity","https","t.co","qkdij7nggd","","",""
"rt","complicatedove","helped","capacity","dealing","mental","health","stress","life","etc","please","dm","experience","","",""
"rt","complicatedove","helped","capacity","dealing","mental","health","stress","life","etc","please","dm","experience","","",""
"seeking","play","therapists","worked","young","children","suicidal","ideation","share","experiences","https","t.co","qc54ujicj7","","",""
"nothing","value","earned","easily","every","drop","sweat","every","tear","every","moment","journey","w","https","t.co","vci2pdtpwl"
"rt","cwruteamimpact","mandelschool","doctoral","students","research","role","race","ethnicity","relationship","negative","family","","","",""
"mandelschool","doctoral","students","research","role","race","ethnicity","relationship","negative","fami","https","t.co","qxc3xgrfzo","","",""
"scottehasslerlc","hondo64ou1","actionsnottalk","repjayapal","clinical","social","worker","seem","real","stable","dude","https","t.co","hrs4u7subc","",""
"rt","complicatedove","helped","capacity","dealing","mental","health","stress","life","etc","please","dm","experience","","",""
"rt","melpetrakis","great","speaking","socialwork","clinicians","across","state","engaged","mentalhealth","reform","pleasure","repre","","",""
"join","us","acap","icps","open","house","go","https","t.co","z0czyuwm0e","information","weareacap","psychoanalysis","https","t.co","n5zk3ruan1"
"rt","melpetrakis","great","speaking","socialwork","clinicians","across","state","engaged","mentalhealth","reform","pleasure","repre","","",""
"miss","panel","2","rethinking","housing","10","26","9","10","30","est","part","1","available","viewing","mis"
"https","t.co","selztqw0yc","","","","","","","","","","","","",""
"helped","capacity","dealing","mental","health","stress","life","etc","please","dm","experience","https","t.co","loyidrfpmc","",""
"rt","melpetrakis","great","received","messages","300","mentalhealth","socialwork","colleagues","took","part","across","victoria","","",""
"rt","melpetrakis","great","received","messages","300","mentalhealth","socialwork","colleagues","took","part","across","victoria","","",""
"rt","melpetrakis","great","received","messages","300","mentalhealth","socialwork","colleagues","took","part","across","victoria","","",""
"class","divided","preparing","great","debate","medic","model","vs","interactional","social","model","https","t.co","gdhjjzrgsf","",""
"great","speaking","socialwork","clinicians","across","state","engaged","mentalhealth","reform","pleasure","t","https","t.co","bmjvfymgnw","",""
"great","received","messages","300","mentalhealth","socialwork","colleagues","took","part","across","vi","https","t.co","gtckezpz1q","",""
"powerful","new","model","https","t.co","phe0ikgrt9","chronicdisease","communityhealth","environment","health","https","t.co","og5s8qusqx","","",""
"excellent","discussions","swforum2021","panel","socialwork","mentalhealth","livedexperience","power","amp","control","https","t.co","wwnlqblzn3","","",""
"rt","massdmh","seeking","conscientious","individual","fill","role","clinical","social","worker","b","within","residential","program","dedham",""
"thinking","lately","lot","place","government","health","mentalhealth","socialwork","effect","w","political","dialogue","politics","","",""
"dogs","sw","forum","swforum2021","jimmy","boy","phased","laughter","yoga","ruckus","greyhound","https","t.co","qay2dj2oag","",""
"quote","one","snr","social","workers","got","share","reflect","state","wide","scoping","project","https","t.co","ufzeqfrz7q",""
"rt","ambersaysshine","saturdays","work","bit","amp","rest","incredible","dress","amp","bralette","we_are_hah","place","sustaina","",""
"rt","goannamaria","anna","maria","college","paxton","awarded","1.92","million","grant","health","resources","services","administration","",""
"rt","goannamaria","anna","maria","college","paxton","awarded","1.92","million","grant","health","resources","services","administration","",""
"rt","goannamaria","anna","maria","college","paxton","awarded","1.92","million","grant","health","resources","services","administration","",""
"rt","goannamaria","anna","maria","college","paxton","awarded","1.92","million","grant","health","resources","services","administration","",""
"anna","maria","college","paxton","awarded","1.92","million","grant","health","resources","services","administration","https","t.co","ukpzynhdi7",""
"really","enjoyed","nsrfireland","seminar","monday","thanks","listening","key","findings","socialwork","https","t.co","m3k2pixv2r","","",""
"rt","massdmh","seeking","conscientious","individual","fill","role","clinical","social","worker","b","within","residential","program","dedham",""
"validating","just","feelings","people's","experience","acknowledgement","key","healing","amp","processing","https","t.co","avvv5jgqcw","","",""
"rt","hucchc","drop","style","every","tuesday","evenings","5","7pm","access","15","20","minute","appointments","social","worker"
"ad","","","","","","","","","","","","","","",""
"drop","style","every","tuesday","evenings","5","7pm","access","15","20","minute","appointments","social","https","t.co","duzcc0rud5"
"present","someone","rather","filling","paperwork","teach","need","know","assist","https","t.co","l2fpk9fa6u","","","",""
"seeking","conscientious","individual","fill","role","clinical","social","worker","b","within","residential","progra","https","t.co","bpmhbqmcud",""
"never","wake","early","excited","finally","taking","perinatal","mood","disorders","components","care","training","https","t.co","ksag1uvlhc",""
"today's","last","day","register","save","want","miss","conference","ceus","available","lice","https","t.co","xtmaeneh6l","",""
"last","minute","checks","big","day","tomorrow","chance","celebrate","connect","workforce","swforum2021","https","t.co","2rs9eshxjr","",""
"want","new","challenge","career","come","join","us","kent","number","socialwork","https","t.co","579tjoih5h","","",""
"rt","hurdlecommunity","hurdle","team","completed","wise","steps","suicideprevention","training","forwardforlife","amp","common_unity_","s","","",""
"ghs","two","assertive","community","treatment","specialist","positions","open","need","caring","passionate","people","see","link","https","t.co"
"qd9kmchky1","","","","","","","","","","","","","","",""
"new","pub","alert","excited","share","work","esteemed","colleagues","religious","leaders","trust","mental","https","t.co","qvk4wjri3y",""
"happy","marc","anniversary","trauma","recovery","specialist","corinne","burnett","lcsw","c","celebrating","6","years","part","https","t.co"
"p0fpmltdpu","","","","","","","","","","","","","","",""
"rt","miragenewscom","uk","military","veterans","nearly","11","times","likely","problem","gamblers","non","veterans","https","t.co","ninku8uirf"
"bmj","","","","","","","","","","","","","","",""
"uk","military","veterans","nearly","11","times","likely","problem","gamblers","non","veterans","https","t.co","ninku8uirf","https","t.co"
"tadbpwyzvt","","","","","","","","","","","","","","",""
