"","","ethics","revamped","revived","energized","","","socialwork","ethics","","","healt","","",""
"ethics","revamped","revived","energized","","","","","socialwork","ethics","","","","","",""
"","ncwwi","report","","impact","","pandemic","","know","","provides","informati","","","",""
"check","guide","suicide","serious","mental","illness","designed","","","","","","","","",""
"report","","impact","","pandemic","","know","","provi","","","","","","",""
"","","looking","christmas","present","student","","socialwork","","","perfec","","","","",""
"","","","","","","funded","","studentship","uniofherts","applicants","ethnically","diverse","communities","","health"
"publi","","","","","","","","","","","","","","",""
"covid","","pandemic","affected","child's","","discover","tips","supporting","children's","mental","well","","","",""
"","","","","funded","","studentship","uniofherts","applicants","ethnically","diverse","communities","","","",""
"","","focusing","socialwork","","","journal","social","work","mental","health’s","","special","","",""
"","","favorite","kicks","itsjbthree","y’all","think","list","better","","what’s","","","link","",""
"","","","","","","","","","","","","","","",""
"children","autism","twice","likely","report","suicidal","thoughts","according","","research","","","","","",""
"","","looking","christmas","present","student","","socialwork","","","perfec","","","","",""
"need","free","","credits","register","","","exciting","opportunity","able","please","consider","donating","","",""
"","awarded","","matching","gift","arlington","","","fcxxhlbwbl","community","director","education","","","",""
"","oupacademic","covid","","pandemic","affected","child's","","discover","tips","supporting","children's","mental","wellbeing","",""
"covid","","pandemic","affected","child's","","discover","tips","supporting","children's","mental","well","","","",""
"","","looking","christmas","present","student","","socialwork","","","perfec","","","","",""
"looking","christmas","present","student","","socialwork","","","","","","","","","",""
"","retro_gt","itsjbthree","discussing","stereotypes","helping","profession","black","","showing","authentic","self","sweat","equity","",""
"itsjbthree","discussing","stereotypes","helping","profession","black","","showing","authentic","self","","","","","",""
"","","","","researches","barriers","","successful","training","","","","","","",""
"","","","events","interested","career","","socialwork","","","","diversity","need","","",""
"depressed","anxious","bipolar","","adhd","ptsd","antisocial","psychotic","","even","psychopath","medical","","","","kdgiwjyajj"
"","","focusing","socialwork","","","journal","social","work","menta","","","bqsaxcsjdk","","",""
"focusing","socialwork","","","journal","social","work","mental","health’s","","","","","","",""
"","","researches","barriers","","successful","training","","","","","","","","",""
"","events","interested","career","","socialwork","","","","diversity","","","","","",""
"","","helped","capacity","dealing","mental","health","stress","life","","please","","experience","","",""
"","","helped","capacity","dealing","mental","health","stress","life","","please","","experience","","",""
"seeking","play","therapists","worked","young","children","suicidal","ideation","share","experiences","","","","","",""
"nothing","value","earned","easily","every","drop","sweat","every","tear","every","moment","journey","","","",""
"","","","doctoral","students","research","role","race","ethnicity","","negative","family","","","",""
"","doctoral","students","research","role","race","ethnicity","","negative","fami","","","","","",""
"","","","repjayapal","clinical","social","worker","seem","real","stable","dude","","","","",""
"","","helped","capacity","dealing","mental","health","stress","life","","please","","experience","","",""
"","melpetrakis","great","speaking","socialwork","clinicians","across","state","engaged","","reform","pleasure","repre","","",""
"join","","acap","icps","open","house","","","","","information","weareacap","","","",""
"","melpetrakis","great","speaking","socialwork","clinicians","across","state","engaged","","reform","pleasure","repre","","",""
"miss","panel","","rethinking","housing","","","","","","","part","","available","viewing",""
"","","","","","","","","","","","","","","",""
"helped","capacity","dealing","mental","health","stress","life","","please","","experience","","","loyidrfpmc","",""
"","melpetrakis","great","received","messages","","","socialwork","colleagues","took","part","across","victoria","","",""
"","melpetrakis","great","received","messages","","","socialwork","colleagues","took","part","across","victoria","","",""
"","melpetrakis","great","received","messages","","","socialwork","colleagues","took","part","across","victoria","","",""
"class","divided","preparing","great","debate","medic","model","","","social","model","","","gdhjjzrgsf","",""
"great","speaking","socialwork","clinicians","across","state","engaged","","reform","pleasure","","","","bmjvfymgnw","",""
"great","received","messages","","","socialwork","colleagues","took","part","across","","","","","",""
"powerful","","model","","","","","","environment","health","","","","","",""
"excellent","discussions","","panel","socialwork","","","power","","control","","","","","",""
"","massdmh","seeking","","individual","fill","role","clinical","social","worker","","within","residential","program","dedham",""
"thinking","lately","","place","government","health","","socialwork","effect","","political","dialogue","politics","","",""
"dogs","","forum","","jimmy","","phased","laughter","yoga","ruckus","greyhound","","","","",""
"quote","","","social","workers","","share","reflect","state","wide","scoping","project","","","",""
"","","saturdays","work","","","rest","incredible","dress","","bralette","we_are_hah","place","sustaina","",""
"","goannamaria","anna","maria","college","paxton","awarded","","million","grant","health","resources","services","","",""
"","goannamaria","anna","maria","college","paxton","awarded","","million","grant","health","resources","services","","",""
"","goannamaria","anna","maria","college","paxton","awarded","","million","grant","health","resources","services","","",""
"","goannamaria","anna","maria","college","paxton","awarded","","million","grant","health","resources","services","","",""
"anna","maria","college","paxton","awarded","","million","grant","health","resources","services","","","","",""
"really","enjoyed","nsrfireland","seminar","monday","thanks","listening","","findings","socialwork","","","","","",""
"","massdmh","seeking","","individual","fill","role","clinical","social","worker","","within","residential","program","dedham",""
"validating","just","feelings","people's","experience","","","healing","","processing","","","","","",""
"","hucchc","drop","style","every","tuesday","evenings","","","access","","","minute","","social","worker"
"","","","","","","","","","","","","","","",""
"drop","style","every","tuesday","evenings","","","access","","","minute","","social","","",""
"present","someone","rather","filling","paperwork","teach","need","know","assist","","","","","","",""
"seeking","","individual","fill","role","clinical","social","worker","","within","residential","progra","","","bpmhbqmcud",""
"never","wake","early","excited","finally","taking","perinatal","mood","disorders","components","care","training","","","",""
"today's","last","","register","save","want","miss","conference","ceus","available","lice","","","","",""
"last","minute","checks","","","tomorrow","chance","celebrate","connect","workforce","","","","","",""
"want","","challenge","career","come","join","","kent","number","socialwork","","","","","",""
"","","hurdle","team","completed","wise","steps","","training","","","","","","",""
"","","assertive","community","treatment","specialist","positions","open","need","caring","passionate","people","","link","",""
"","","","","","","","","","","","","","","",""
"","","alert","excited","share","work","esteemed","colleagues","religious","leaders","trust","mental","","","",""
"happy","marc","anniversary","trauma","recovery","specialist","corinne","burnett","lcsw","","celebrating","","years","part","",""
"","","","","","","","","","","","","","","",""
"","","","military","veterans","nearly","","times","likely","problem","gamblers","","veterans","","",""
"","","","","","","","","","","","","","","",""
"","military","veterans","nearly","","times","likely","problem","gamblers","","veterans","","","","",""
"tadbpwyzvt","","","","","","","","","","","","","","",""
